{
	"recordiD": "1",
	"statusid": "0",
	"status": "draft",
	"date": "08-02-2021",
	"type": "peoject",
	"typeid": "1",
	"project": "TmeSheet",
	"projectid": "1",
	"category": "Category",
	"categoryid": "1",
	"activity": "Activity",
	"activityid": "1",
	"module": "Module",
	"moduleid": "1",
	"functionality": "Functionality",
	"Functionalityid": "Functionality",
	"started_when": "Started When",
	"started_wheniD": "Started When",
	"desc": "Description",
	"timeinmin": "54",
	"revcomment":""
}